﻿Designator,Footprint,Quantity,Value,LCSC Part #
BOOT1,SW_SPST_TL3342,1,SW_SPST,
C1,0402,1,10uF,C307331
"C2, C3, C4, C5, C6, C7",0402,6,100nF,C307331
"C8, C9",0402,2,1uF,C307331
"D1, D10, D11, D12, D13, D14, D15, D16, D17, D18, D19, D2, D20, D21, D22, D23, D24, D25, D26, D27, D28, D29, D3, D30, D31, D32, D33, D34, D35, D36, D37, D38, D39, D4, D40, D41, D42, D43, D44, D45, D46, D47, D48, D5, D6, D7, D8, D9",D_SOD-323F,48,D_Small,
F1,1206,1,500mA,C135341
J1,USB_C_Receptacle_HRO_TYPE-C-31-M-12,1,USB_C_Receptacle_USB2.0,
"MX1, MX12",SW_MX_HS_CPG151101S11_1.5u,2,MX_SW_HS,
"MX10, MX11, MX14, MX15, MX16, MX17, MX18, MX19, MX2, MX20, MX21, MX22, MX23, MX25, MX26, MX27, MX28, MX29, MX3, MX30, MX31, MX32, MX33, MX34, MX35, MX36, MX37, MX38, MX39, MX4, MX40, MX41, MX42, MX43, MX44, MX45, MX46, MX47, MX48, MX5, MX6, MX7, MX8, MX9",SW_MX_HS_CPG151101S11_1u,44,MX_SW_HS,
"MX13, MX24",SW_MX_HS_CPG151101S11_1.25u,2,MX_SW_HS,
"R1, R2, R3, R4",0402,4,5.1k,
SW1,ROT_Alps_EC11E-Switch,1,RotaryEncoder_Switch,
U1,LQFP-48_7x7mm_P0.5mm,1,STM32F072CBT6,
U2,SOT-143,1,PRTR5V0U2X,C2827688
U3,SOT-23,1,XC6206PxxxMR-Regulator_Linear,C5446
